委托单编号,装点,装点经度,装点纬度,卸点,卸点经度,卸点纬度,货物类型,运量,起始日期,截止日期,单价（元/吨或元/车）
WTD202111190057,唐山市玉田县先有车汽车商城,117.726735,39.873794,张掖市明乐县六坝开发区,100.704481,38.684194,钢材,100,2021.11.19,2021.11.27,310
WTD202107070009,三门峡市灵宝市大王镇,111.02412,34.656219,长治市上党区上党区,113.051416,36.053104,重介粉,10000,2021.7.7,2021.12.31,80
WTD202111150041,焦作市沁阳市济源,112.765732,35.17009,辽源市东辽县辽源方大锻造有限公司,125.023772,42.913643,圆钢,1000,2021.11.14,2021.12.31,310
WTD202110020011,晋城市高平市扶市村,112.897138,35.881138,濮阳市濮阳县六塔乡S101南500米,115.246643,35.728082,贫瘦煤,10000,2021.10.02,2021.12.13,98
WTD202110050013,晋城市高平市换马村,113.008161,35.908124,濮阳市濮阳县六塔乡S101南500米,115.246643,35.728082,贫瘦煤,10000,2021.10.05,2021.12.05,89.78
WTD202107060007,德阳市旌阳区德阳鸿鑫物资有限公司,104.357357,31.098383,西宁市城北区青海物通铁合金有限公司,101.491644,36.545842,硅钢片,10000,2021.07.06,2021.12.30,122.46
WTD202111030010,长治市上党区申川村,113.10608,36.021938,濮阳市濮阳县六塔乡S101南500米,115.246643,35.728082,贫瘦煤,10000,2021.11.03,2021.12.26,103.4
WTD202111170028,长治市上党区黎都大桥.上党区G55,113.030338,36.048266,濮阳市濮阳县六塔乡S101南500米,115.246643,35.728082,贫瘦煤,10000,2021.11.17,2021.12.17,103.4
WTD202108280008,邯郸市磁县磁县S222中晨石化附近,114.093713,36.282657,濮阳市濮阳县六塔乡S101南500米,115.246643,35.728082,贫瘦煤,15000,2021.08.19,2021.12.30,56.7
WTD202108220035,邯郸市磁县香水村,114.221168,36.306736,濮阳市濮阳县六塔乡S101南500米,115.246643,35.728082,贫瘦煤,15000,2021.08.19,2021.12.30,56.7
WTD202111170010,邯郸市磁县香水村,114.221168,36.306736,濮阳市濮阳县六塔乡S101南500米,115.246643,35.728082,贫瘦煤,10000,2021.11.17,2021.12.18,61.1
WTD202111150027,邯郸市磁县钟离村,114.209709,36.318782,濮阳市濮阳县六塔乡S101南500米,115.246643,35.728082,贫瘦煤,10000,2021.11.15,2021.12.15,56.4
WTD202111020056,邯郸市峰峰矿区义井镇北羊台二村村西,114.164466,36.463184,濮阳市濮阳县六塔乡S101南500米,115.246643,35.728082,贫瘦煤,10000,2021.11.02,2021.12.31,56.4
WTD202110210031,邯郸市峰峰矿区义井镇北羊台二村村西,114.164466,36.463184,濮阳市濮阳县六塔乡S101南500米,115.246643,35.728082,贫瘦煤,10000,2021.10.21,2021.12.31,56.7
WTD202111030043,邢台市内丘县河北邢台市东庞煤矿,114.467646,37.236675,石嘴山市惠农区宁夏兴百干煤炭运销有限公司,106.781802,39.228586,煤,99999,2021.11.03,2021.12.31,367.38
WTD202110070035,鄂尔多斯市乌审旗苏力德苏木昌黄嘎查,108.578982,38.04474,鄂尔多斯市乌审旗乌审旗苏力德苏木宝日呼岱嘎查,108.418725,38.068271,土,100000,2021.10.07,2021.12.04,65
WTD202109170046,鄂尔多斯市乌审旗乌审旗嘎鲁图镇无定河蒙大工业园区蒙大矿,108.978904,38.085359,白银市白银区中材甘肃水泥有限责任公司,104.123378,36.59756,沫煤,100000,2021.09.17,2021.12.31,169.74
WTD202110200066,榆林市榆阳区榆林市常乐堡矿业有限公司,109.838388,38.383048,朔州市山阴县山阴县北周庄洗煤厂,112.836614,39.639399,煤,15000,2021.10.20,2021.11.30,170
WTD202110140055,榆林市榆阳区榆林市常乐堡矿业有限公司,109.838388,38.383048,鹤壁市淇滨区鹤壁丰鹤发电有限责任公司,114.182131,35.844505,煤,15000,2021.10.14,2022.01.31,260
WTD202108210010,榆林市榆阳区神树畔养殖有限公司.,110.032059,38.517855,包头市土默特右旗蒙鑫煤炭有限责任公司,110.395174,40.524084,煤炭,15000,2021.07.09,2021.12.31,110
WTD202111170057,榆林市榆阳区瑞森煤化工有限公司,109.963662,38.599132,天津市滨海新区天津琦晟储运有限公司,117.569995,38.949487,煤炭,3000,2021.11.17,2021.12.31,300
WTD202202250080,重庆市重庆市南岸区,106.644254,29.50109,重庆市重庆市巴南区天鹿大道,106.632228,29.455086,土石方,100000,2022-02-25T00:00:00.000+08:00,2022-12-31T00:00:00.000+08:00,800
WTD202202110166,中储物流有限公司,116.323641,39.946966,冠县清水南街259号,115.538934,36.61709,圆钢,10000,2022-02-11T00:00:00.000+08:00,2022-03-12T23:59:59.000+08:00,170
WTD202201260017,济源,112.602347,35.069057,辽源方大锻造有限公司,125.023772,42.913643,圆钢,1000,2022-01-26T09:29:00.000+08:00,2022-12-27T00:00:00.000+08:00,340
WTD202202210161,店张村,116.381374,40.067175,内蒙古晟裕顺新能源有限公司,116.349243,39.940583,木片,200000,2022-02-01T00:00:00.000+08:00,2022-12-31T23:59:59.000+08:00,140
WTD202201070192,磁县冀龙炉料有限公司,114.199661,36.309073,六塔乡S101南500米,115.263243,35.842392,贫瘦煤,10000,2022-01-07T14:13:00.000+08:00,2022-03-08T00:00:00.000+08:00,56.4
WTD202201060009,南神岗村,114.214193,36.335639,六塔乡S101南500米,115.263243,35.842392,贫瘦煤,10000,2022-01-06T08:25:00.000+08:00,2022-03-21T00:00:00.000+08:00,56.4
WTD202202100081,滨河路,116.112149,39.934274,长清生物科技有限公司,116.276876,40.090985,煤炭,10000,2022-02-10T15:37:00.000+08:00,2022-03-11T00:00:00.000+08:00,56.4
WTD202202130060,万海仓储,113.939071,36.696489,新蒙物流园,116.59566,40.118003,钢材,1000,2022-02-13T20:01:00.000+08:00,2022-12-23T00:00:00.000+08:00,120
WTD202202120053,万海仓储,113.939071,36.696489,店塔镇,110.456197,38.998327,钢材,1000,2022-02-12T17:25:00.000+08:00,2022-12-13T00:00:00.000+08:00,100
WTD202201110148,万海仓储,113.939071,36.696489,包钢稀土华美公司,109.879813,40.589502,钢材,1000,2022-01-11T17:54:00.000+08:00,2022-12-12T00:00:00.000+08:00,120
WTD202202220159,瑞森煤化工有限公司,109.963662,38.599132,天津琦晟储运有限公司,117.569995,38.949487,煤炭,3000,2022-02-22T19:00:00.000+08:00,2022-03-31T23:00:00.000+08:00,290
WTD202201200095,神木市天元化工公司,110.1712,38.704946,鄂尔多斯市君正能源化工有限公司,106.801911,39.908522,兰炭,10000,2022-01-14T00:00:00.000+08:00,2022-05-31T23:59:59.000+08:00,170
WTD202202100004,神木市北海煤电有限公司,110.15917,38.715663,鄂尔多斯市君正能源化工有限公司,106.801911,39.908522,兰炭,10000,2022-02-04T00:00:00.000+08:00,2022-05-01T23:59:59.000+08:00,135
WTD202202090137,神木市北海煤电有限公司,110.15917,38.715663,内蒙古君正能源化工股份有限公司,106.803295,39.904028,兰炭,50000,2021-12-29T00:00:00.000+08:00,2022-05-31T23:59:59.000+08:00,130
WTD202202240421,神木市晟通煤化有限责任公司,110.323615,38.84287,内蒙古君正能源化工股份有限公司,106.803295,39.904028,兰炭,50000,2021-12-29T00:00:00.000+08:00,2022-05-31T23:59:59.000+08:00,150
WTD202202080078,中国石油渤海装备园区,116.675644,40.091212,包钢耐火门岗,109.769278,40.666474,钢架子,10000,2022-02-08T12:12:00.000+08:00,2022-12-09T00:00:00.000+08:00,6000
WTD202201200091,神木市兴杨金属镁有限公司,110.650382,38.96637,鄂尔多斯市君正能源化工有限公司,106.801911,39.908522,兰炭,10000,2022-01-14T00:00:00.000+08:00,2022-05-31T23:59:59.000+08:00,170
WTD202202160104,河畔煤矿,116.210256,40.52924,天津琦晟储运有限公司,117.569995,38.949487,煤炭,5000,2022-02-16T00:00:00.000+08:00,2022-03-31T00:00:00.000+08:00,290
WTD202202250124,神木市兴旺源煤化工有限公司,110.333166,39.116333,内蒙古君正能源化工股份有限公司,106.803295,39.904028,兰炭,50000,2021-12-29T00:00:00.000+08:00,2022-05-31T23:59:59.000+08:00,155
WTD202202110175,府谷县野大路,110.535984,39.27193,天津南港储运,117.163444,39.101882,兰炭,1000,2022-02-11T00:00:00.000+08:00,2022-03-31T00:00:00.000+08:00,245
WTD202201140013,神木市瑞德煤基活性炭有限公司\t,110.185097,38.700185,内蒙古君正能源化工股份有限公司,106.803295,39.904028,兰炭,50000,2021-12-30T00:00:00.000+08:00,2022-05-31T23:59:59.000+08:00,145
WTD202201070189,大邱庄,117.064301,38.836838,锦界工业园区,110.160966,38.737743,钢材,1000,2022-01-07T13:45:00.000+08:00,2022-12-08T00:00:00.000+08:00,3300
WTD202202190052,天津市大邱庄钢材市场,117.465337,38.978323,宜兴创业园,119.876239,31.42395,钢材,500,2022-02-19T15:26:00.000+08:00,2022-06-20T00:00:00.000+08:00,320
WTD202202090114,天津市大邱庄钢材市场,117.465337,38.978323,江苏工业园,115.954874,40.439869,钢材,1000,2022-02-09T17:46:00.000+08:00,2022-12-10T00:00:00.000+08:00,135
WTD202201250085,天津市大邱庄钢材市场,117.465337,38.978323,元福城物流园区,116.315525,39.856538,钢材,10000,2022-01-25T11:49:00.000+08:00,2022-12-31T00:00:00.000+08:00,120
WTD202201230052,天津市大邱庄钢材市场,117.465337,38.978323,肥东县,117.4779,31.878601,钢材,100000,2022-01-23T21:34:00.000+08:00,2022-12-24T00:00:00.000+08:00,280
WTD202202130023,府谷亚博集团,110.590729,39.215883,内蒙古君正能源化工股份有限公司,106.803295,39.904028,兰炭,10000,2022-02-13T09:44:00.000+08:00,2022-05-01T00:00:00.000+08:00,138
WTD202201200097,神木市星东能源,110.421914,39.196826,鄂尔多斯市君正能源化工有限公司,106.801911,39.908522,兰炭,10000,2022-01-14T00:00:00.000+08:00,2022-05-31T23:59:59.000+08:00,180
WTD202202240423,府谷远大活性炭有限公司,110.610301,39.230431,鄂尔多斯市君正能源化工有限公司,106.801911,39.908522,兰炭,10000,2022-01-14T00:00:00.000+08:00,2022-05-31T23:59:59.000+08:00,170
WTD202201050004,府谷县金川鸿泰镁合金有限公司,110.542216,39.226969,内蒙古君正能源化工股份有限公司,106.803295,39.904028,兰炭,50000,2022-01-05T07:14:00.000+08:00,2022-05-31T00:00:00.000+08:00,143
WTD202201250089,天津市华源工业公司天津市汇福金属制品有限公司,117.124856,38.859132,海子乡,110.66304,40.413495,钢材,10000,2022-01-25T13:23:00.000+08:00,2022-12-31T00:00:00.000+08:00,160
WTD202202250165,府谷县东方瑞煤电集团,110.475326,39.223141,内蒙古君正能源化工股份有限公司,106.803295,39.904028,兰炭,10000,2022-01-14T00:00:00.000+08:00,2022-05-31T23:59:59.000+08:00,160
WTD202201160033,府谷县东方瑞煤电集团,110.475326,39.223141,鄂尔多斯市君正能源化工有限公司,106.801911,39.908522,兰炭,10000,2022-01-14T00:00:00.000+08:00,2022-05-31T23:59:59.000+08:00,170
WTD202201180126,府谷县惠西源镁合金有限公司,110.540549,39.236167,鄂尔多斯市君正能源化工有限公司,106.801911,39.908522,兰炭,10000,2022-01-14T00:00:00.000+08:00,2022-05-31T23:59:59.000+08:00,175
WTD202112310001,府谷县惠西源镁合金有限公司,110.540549,39.236167,内蒙古君正能源化工股份有限公司,106.803295,39.904028,兰炭,50000,2021-12-29T00:00:00.000+08:00,2022-05-31T23:59:59.000+08:00,153
WTD202201200090,府谷县泰达煤化有限公司,110.740764,39.28177,鄂尔多斯市君正能源化工有限公司,106.801911,39.908522,兰炭,10000,2022-01-16T00:00:00.000+08:00,2022-05-31T23:59:59.000+08:00,165
WTD202201250075,陕西莱德集团华盛炭质还原剂有限公司,110.337281,39.2485,内蒙古君正能源化工股份有限公司,106.803295,39.904028,兰炭,10000,2022-01-14T00:00:00.000+08:00,2022-05-31T23:59:59.000+08:00,153
WTD202201170131,陕西莱德集团华盛炭质还原剂有限公司,110.337281,39.2485,鄂尔多斯市君正能源化工有限公司,106.801911,39.908522,兰炭,10000,2022-01-17T18:21:00.000+08:00,2022-05-31T00:00:00.000+08:00,180
WTD202112310489,林鑫石料厂,116.616067,39.805992,沙圪堵镇东屹化工,110.856505,39.708118,石灰石,15000,2022-01-01T00:00:00.000+08:00,2022-06-30T00:00:00.000+08:00,65
WTD202112310483,大羊村磊鑫石料厂,116.804124,39.69829,沙圪堵镇东屹化工,110.856505,39.708118,石灰石,15000,2022-01-01T00:00:00.000+08:00,2022-06-30T00:00:00.000+08:00,65
WTD202111100028,准格尔旗山贵煤炭,110.645048,39.308624,包钢海南矿业公司,116.315666,40.04292,粉煤,15000,2021-11-10T00:00:00.000+08:00,2022-11-10T23:59:59.000+08:00,240
WTD202112150103,公格沟活鸡兔大桥,110.645048,39.308624,图克镇大2线呼吉尔特村,109.383867,38.998551,煤炭,200000,2021-12-15T00:00:00.000+08:00,2022-12-31T00:00:00.000+08:00,50
WTD202112130075,内蒙古汇能集团尔林兔煤炭有限公司,110.010325,39.216567,图克镇大2线呼吉尔特村,109.383867,38.998551,煤炭,500000,2021-12-13T00:00:00.000+08:00,2022-12-31T23:59:59.000+08:00,55
WTD202202280154,宝丰能源循环经济工业基地,116.619937,39.939137,内蒙古君正能源化工股份有限公司,106.803295,39.904028,冶金焦,5000,2022-02-28T00:00:00.000+08:00,2022-05-01T23:59:59.000+08:00,70
WTD202201160037,凯达煤矿,110.632459,39.364353,大路伊泰煤制油,111.265994,40.077677,沫煤,49,2022-01-16T14:32:00.000+08:00,2022-12-31T00:00:00.000+08:00,67.25
WTD202202280161,贾家畔村七贾公路聚富义煤业,110.470688,38.019671,沙圪堵镇府谷古城集运有限公司,109.811088,39.930931,粉煤,999999,2022-02-28T00:00:00.000+08:00,2022-10-31T00:00:00.000+08:00,85
WTD202202140068,内蒙古正能化工集团,110.40984,39.353853,内蒙古君正能源化工股份有限公司,106.803295,39.904028,兰炭,10000,2022-02-14T14:16:00.000+08:00,2022-05-01T00:00:00.000+08:00,130
WTD202202220089,壕羊公路宏顺洗煤厂,116.535069,39.868331,沙圪堵镇府谷古城集运有限公司,109.811088,39.930931,粉煤,999999,2022-02-21T00:00:00.000+08:00,2022-07-29T23:59:59.000+08:00,55
WTD202202170068,内蒙古汇能集团宝平湾煤炭有限责任公司,116.064843,40.204617,天津琦晟储运有限公司,117.569995,38.949487,煤炭,3000,2022-02-17T00:00:00.000+08:00,2022-03-31T00:00:00.000+08:00,305
WTD202202190058,准格尔旗弓家塔宝平湾煤炭有限责任公司,110.484509,39.371793,天津琦晟储运有限公司,117.569995,38.949487,煤炭,3000,2022-02-19T00:00:00.000+08:00,2022-03-31T00:00:00.000+08:00,305
WTD202112310486,吴辛寨隧道,116.061485,39.9966,沙圪堵镇东屹化工,110.856505,39.708118,石灰石,15000,2022-01-01T00:00:00.000+08:00,2022-06-30T00:00:00.000+08:00,65
WTD202201170124,汇能集团新联煤焦有限公司,116.661898,40.091181,内蒙古君正能源化工股份有限公司,106.803295,39.904028,兰炭,10000,2022-01-14T00:00:00.000+08:00,2022-05-31T23:59:59.000+08:00,160
WTD202202240426,内蒙古鄂尔多斯准格尔旗纳日松镇长渠沟纳林庙矿,110.570637,39.414171,内蒙古鄂尔多斯准格尔旗五字湾站,110.829879,39.453119,纳林庙-原煤,20000,2022-02-24T22:42:00.000+08:00,2022-03-05T00:00:00.000+08:00,43
WTD202110300017,赵家阳坡,110.570637,39.414171,乌海包钢海南矿业,106.891944,39.615551,粉煤,15000,2021-10-30T00:00:00.000+08:00,2022-10-30T23:59:59.000+08:00,220
WTD202202270033,恒悦洗煤厂,110.275083,39.385684,君正集团,116.284311,40.045929,13籽,999999,2022-01-14T00:00:00.000+08:00,2022-05-30T00:00:00.000+08:00,150
WTD202202080080,恒悦洗煤厂,110.275083,39.385684,乌达经济开发区化工路南400米,106.724448,39.472818,13籽,999999,2022-01-14T00:00:00.000+08:00,2022-04-30T00:00:00.000+08:00,125
WTD202202230110,伊金霍洛旗振兴煤炭有限责任公司,110.370736,39.404958,天津琦晟储运有限公司,117.569995,38.949487,煤炭,1000,2022-02-23T00:00:00.000+08:00,2022-03-31T00:00:00.000+08:00,310
WTD202112130065,五升梁,110.47125,39.422795,小长地,103.597735,26.382439,煤炭,100000,2021-12-13T00:00:00.000+08:00,2022-05-31T00:00:00.000+08:00,245
WTD202112130064,五升梁,110.47125,39.422795,小长地,103.597735,26.382439,煤炭,100000,2021-12-13T00:00:00.000+08:00,2022-05-31T00:00:00.000+08:00,240
WTD202201110004,布尔洞,116.441058,39.936209,灵丘大涧金源祥煤厂,114.305717,39.482148,原煤,999999,2022-01-07T00:00:00.000+08:00,2022-12-31T23:59:59.000+08:00,190
WTD202201090079,东达矿,116.986517,35.100397,灵丘大涧金源祥煤厂,114.305717,39.482148,原煤,999999,2022-01-07T00:00:00.000+08:00,2022-12-31T23:59:59.000+08:00,190
WTD202201060154,边贾线东达煤矿,110.350493,39.415387,金伯世家,118.926975,40.412204,煤炭,100000,2022-01-06T17:50:00.000+08:00,2022-12-31T00:00:00.000+08:00,310
WTD202201070219,五升梁.东达煤矿,110.475959,39.416912,府前花园,116.247973,40.202119,煤炭,99999,2022-01-05T00:00:00.000+08:00,2022-12-31T00:00:00.000+08:00,310
WTD202201070218,五升梁.东达煤矿,110.475959,39.416912,府前花园,116.247973,40.202119,煤炭,99999,2022-01-05T00:00:00.000+08:00,2022-12-31T00:00:00.000+08:00,300
WTD202201060006,五升梁.东达煤矿,110.475959,39.416912,府前花园,116.247973,40.202119,煤炭,99999,2022-01-05T00:00:00.000+08:00,2022-12-31T00:00:00.000+08:00,290
WTD202201050088,五升梁.东达煤矿,110.475959,39.416912,府前花园,116.247973,40.202119,煤炭,99999,2022-01-05T00:00:00.000+08:00,2022-12-31T00:00:00.000+08:00,260
WTD202201050087,五升梁.东达煤矿,110.475959,39.416912,府前花园,116.247973,40.202119,煤炭,99999,2022-01-05T00:00:00.000+08:00,2022-12-31T00:00:00.000+08:00,250
WTD202202190070,边贾线布尔洞煤矿,110.350493,39.415387,沙圪堵镇府谷古城集运有限公司,109.811088,39.930931,原煤,999999,2022-02-19T00:00:00.000+08:00,2022-06-30T00:00:00.000+08:00,60
WTD202111210018,昶通煤厂,116.583808,39.910688,西北能源化工,116.248167,40.157182,粉煤,150000,2021-11-21T00:00:00.000+08:00,2022-06-30T23:59:59.000+08:00,89.97
WTD202202240247,蛾狼翅峁罐子沟煤矿,111.303562,39.554466,博泰航力马场壕洁净煤集装站,116.248167,40.157182,5号洗煤,999999,2022-02-16T00:00:00.000+08:00,2022-12-31T23:59:59.000+08:00,120
WTD202202170061,蛾狼翅峁罐子沟煤矿,111.303562,39.554466,明华集团(新东二环东),116.659799,39.915601,5号洗煤,999999,2022-02-16T00:00:00.000+08:00,2022-12-31T00:00:00.000+08:00,90
WTD202202270058,白家塔,116.544607,39.928435,国怀精煤有限公司,116.659799,39.915601,粉煤,999999,2022-02-23T00:00:00.000+08:00,2022-09-30T00:00:00.000+08:00,170
WTD202202220130,纳林陶亥镇,110.27025,39.469179,天津琦晟储运有限公司,117.569995,38.949487,煤炭,3000,2022-02-22T00:00:00.000+08:00,2022-03-31T00:00:00.000+08:00,315
WTD202202130032,乌兰木伦庙,110.117735,39.429565,天津琦晟储运有限公司,117.569995,38.949487,煤炭,5000,2022-02-13T00:00:00.000+08:00,2022-03-31T00:00:00.000+08:00,280
WTD202202220156,伊金霍洛旗阿新线,109.919582,39.488581,天津琦晟储运有限公司,117.569995,38.949487,煤炭,3000,2022-02-22T18:43:00.000+08:00,2022-03-31T23:00:00.000+08:00,290
WTD202201110062,鑫益源煤厂,116.230449,39.845148,城郊办事处团结屯,116.409836,39.98491,煤,500000,2022-01-11T00:00:00.000+08:00,2022-12-31T00:00:00.000+08:00,340
WTD202202270052,准格尔旗鑫益源煤炭运销有限责任公司,110.568295,39.526745,黑龙坝镇,120.928437,43.556173,煤,100000,2022-02-27T00:00:00.000+08:00,2023-01-01T00:00:00.000+08:00,340
WTD202201100143,准格尔旗鑫益源煤炭运销有限责任公司,110.568295,39.526745,好力歹奶牛小区,120.928437,43.556173,煤,50000,2021-12-31T00:00:00.000+08:00,2023-01-01T00:00:00.000+08:00,290
WTD202201100142,准格尔旗鑫益源煤炭运销有限责任公司,110.568295,39.526745,双胜派出所,116.455854,39.892757,煤,50000,2021-12-31T00:00:00.000+08:00,2023-01-01T00:00:00.000+08:00,270
WTD202201100139,准格尔旗鑫益源煤炭运销有限责任公司,110.568295,39.526745,太平地村,118.244133,41.848847,煤,50000,2021-12-31T00:00:00.000+08:00,2023-01-01T00:00:00.000+08:00,240
WTD202201100138,准格尔旗鑫益源煤炭运销有限责任公司,110.568295,39.526745,太平地村,118.244133,41.848847,煤,500000,2021-12-31T00:00:00.000+08:00,2023-01-01T00:00:00.000+08:00,240
WTD202201100137,准格尔旗鑫益源煤炭运销有限责任公司,110.568295,39.526745,太平地村,118.244133,41.848847,煤,50000,2021-12-31T00:00:00.000+08:00,2023-01-01T00:00:00.000+08:00,240
WTD202201100136,准格尔旗鑫益源煤炭运销有限责任公司,110.568295,39.526745,双胜派出所,116.455854,39.892757,煤,500000,2021-12-31T00:00:00.000+08:00,2023-01-01T00:00:00.000+08:00,270
WTD202201030040,滨海新区东环路与红旗路交叉口,117.746853,38.990737,包钢耐火门岗,109.769278,40.666474,钢架子,10000,2022-01-03T14:23:00.000+08:00,2022-12-31T09:00:00.000+08:00,5000
WTD202201110086,廉家海子,110.164601,39.487228,巴图塔站台,110.084808,39.483933,粉煤,100000,2022-01-11T00:00:00.000+08:00,2022-06-09T00:00:00.000+08:00,24
WTD202202270038,准格尔旗曹羊县沙,110.580333,39.555819,刘牛圪旦,110.387295,40.527884,煤炭,30000,2022-02-27T10:44:00.000+08:00,2022-12-31T23:10:00.000+08:00,100
WTD202202270070,曹羊复线致富煤矿,110.545796,39.668672,毛家皂镇里八庄站,113.190644,39.900567,原煤,999999,2022-02-27T00:00:00.000+08:00,2022-06-30T00:00:00.000+08:00,165
WTD202202270056,曹羊复线西乌素煤矿,110.545796,39.668672,沙圪堵镇府谷古城集运有限公司,109.811088,39.930931,原煤,999999,2022-02-20T00:00:00.000+08:00,2022-12-31T23:59:59.000+08:00,55
WTD202201260112,曹羊复线附近,110.545796,39.668672,好力歹奶牛小区,109.811088,39.930931,煤,100000,2022-01-26T00:00:00.000+08:00,2022-12-31T23:59:00.000+08:00,350
WTD202201060007,兖矿集团鄂尔多斯能化转龙湾煤炭有限公司,110.116773,39.574177,府前花园,116.247973,40.202119,煤炭,99999,2022-01-05T00:00:00.000+08:00,2022-12-31T00:00:00.000+08:00,290
WTD202201050090,兖矿集团鄂尔多斯能化转龙湾煤炭有限公司,110.116773,39.574177,府前花园,116.247973,40.202119,煤炭,99999,2022-01-05T00:00:00.000+08:00,2022-12-31T00:00:00.000+08:00,260
WTD202201050089,兖矿集团鄂尔多斯能化转龙湾煤炭有限公司,110.116773,39.574177,府前花园,116.247973,40.202119,煤炭,99999,2022-01-05T00:00:00.000+08:00,2022-12-31T00:00:00.000+08:00,250
WTD202202220146,刘家渠,110.046005,39.839473,巴图塔站,110.084808,39.483933,原煤,999999,2022-02-22T15:44:00.000+08:00,2022-12-31T00:00:00.000+08:00,40
WTD202201060055,萝卜梁,110.046005,39.839473,金伯世家,118.926975,40.412204,煤炭,100000,2022-01-06T00:00:00.000+08:00,2022-12-31T23:59:59.000+08:00,310
WTD202201100144,内蒙古自治区鄂尔多斯市准格尔旗曹羊复线西50米,110.587367,39.515058,好力歹奶牛小区,118.926975,40.412204,煤,50000,2021-12-31T00:00:00.000+08:00,2023-01-01T00:00:00.000+08:00,290
WTD202201100132,内蒙古自治区鄂尔多斯市准格尔旗曹羊复线西50米,110.587367,39.515058,敖汉营子,118.78024,43.144641,煤,50000,2021-12-31T00:00:00.000+08:00,2022-12-30T00:00:00.000+08:00,275
WTD202201100131,内蒙古自治区鄂尔多斯市准格尔旗曹羊复线西50米,110.587367,39.515058,太平地村,118.244133,41.848847,煤,50000,2021-12-31T00:00:00.000+08:00,2022-12-31T00:00:00.000+08:00,260
WTD202201100130,内蒙古自治区鄂尔多斯市准格尔旗曹羊复线西50米,110.587367,39.515058,双胜派出所,116.455854,39.892757,煤,50000,2021-12-31T00:00:00.000+08:00,2022-12-31T00:00:00.000+08:00,320
WTD202201100128,内蒙古自治区鄂尔多斯市准格尔旗曹羊复线西50米,110.587367,39.515058,好力歹奶牛小区,116.455854,39.892757,煤,50000,2021-12-31T00:00:00.000+08:00,2022-12-31T00:00:00.000+08:00,340
WTD202201100125,内蒙古自治区鄂尔多斯市准格尔旗曹羊复线西50米,110.587367,39.515058,城郊办事处团结屯,116.409836,39.98491,煤,500000,2022-01-05T00:00:00.000+08:00,2022-12-30T00:00:00.000+08:00,330
WTD202202180214,恒东集团忽沙图二矿,116.586642,39.802688,明华集装站,116.071443,39.819998,煤,999999,2022-01-26T00:00:00.000+08:00,2022-12-31T23:59:59.000+08:00,85
WTD202201290009,四道柳煤矿,116.437909,39.959804,灵丘大涧金源祥煤厂,114.305717,39.482148,原煤,999999,2022-01-07T00:00:00.000+08:00,2022-12-31T23:59:59.000+08:00,175
WTD202201170133,四道柳煤矿,116.437909,39.959804,灵丘大涧金源祥煤厂,114.305717,39.482148,原煤,999999,2022-01-07T00:00:00.000+08:00,2022-12-31T23:59:59.000+08:00,160
WTD202202280118,内蒙古自治区鄂尔多斯市准格尔旗杨家也,110.271133,39.699082,沙圪堵镇府谷古城集运有限公司,109.811088,39.930931,原煤,999999,2022-02-21T00:00:00.000+08:00,2022-06-30T23:59:59.000+08:00,60
WTD202201020039,准格尔召小学南侧350米,110.214733,39.695329,开曼铝业有限公司,116.35763,39.94523,面煤,10000,2022-01-02T10:44:00.000+08:00,2022-08-30T00:00:00.000+08:00,340
WTD202202250128,隆辰煤厂,116.321535,39.624749,城郊办事处团结屯,116.409836,39.98491,煤,50000,2021-12-31T00:00:00.000+08:00,2022-12-31T23:59:59.000+08:00,365
WTD202201100135,隆辰煤厂,116.321535,39.624749,好力歹奶牛小区,116.409836,39.98491,煤,50000,2021-12-31T00:00:00.000+08:00,2022-12-31T00:00:00.000+08:00,300
WTD202201100133,隆辰煤厂,116.321535,39.624749,城郊办事处团结屯,116.409836,39.98491,煤,50000,2021-12-31T00:00:00.000+08:00,2022-12-31T00:00:00.000+08:00,330
WTD202201100129,隆辰煤厂,116.321535,39.624749,好力歹奶牛小区,116.409836,39.98491,煤,50000,2021-12-31T00:00:00.000+08:00,2022-12-31T00:00:00.000+08:00,340
WTD202201100127,隆辰煤厂,116.321535,39.624749,城郊办事处团结屯,116.409836,39.98491,煤,50000,2021-12-31T00:00:00.000+08:00,2022-12-31T00:00:00.000+08:00,340
WTD202201170013,准格尔召镇,110.20605,39.702807,图克镇大2线呼吉尔特村,109.383867,38.998551,煤炭,100000,2021-12-30T00:00:00.000+08:00,2022-12-31T23:59:59.000+08:00,90
WTD202112300056,准格尔召镇,110.20605,39.702807,图克镇大2线呼吉尔特村,109.383867,38.998551,煤炭,100000,2021-12-30T00:00:00.000+08:00,2022-12-31T00:00:00.000+08:00,60
WTD202202260001,福源加油站,116.769153,40.23861,中物码头,116.459673,39.955775,原煤,15000,2022-02-22T00:00:00.000+08:00,2022-03-31T23:59:59.000+08:00,320
WTD202201240108,准格尔旗金正泰煤炭有限责任公司,110.309005,39.670217,呼准公路57.5公里百泓煤场,111.464675,40.480212,煤,500000,2022-01-24T00:00:00.000+08:00,2022-12-31T00:00:00.000+08:00,65
WTD202201240105,准格尔旗金正泰煤炭有限责任公司,110.309005,39.670217,内蒙古自治区呼和浩特市托克托县呼准公路57.5公里百泓煤场,111.464675,40.480212,煤,900000,2022-01-12T00:00:00.000+08:00,2022-12-31T23:59:59.000+08:00,65
WTD202201240101,准格尔旗金正泰煤炭有限责任公司,110.309005,39.670217,点岱沟站台,111.282596,39.814846,煤,100000,2022-01-05T00:00:00.000+08:00,2022-12-31T23:59:59.000+08:00,36.97
WTD202201100165,准格尔旗金正泰煤炭有限责任公司,110.309005,39.670217,新店子镇上脑亥村内蒙古和林发电厂,112.164727,40.267322,煤,500000,2022-01-10T00:00:00.000+08:00,2022-12-31T00:00:00.000+08:00,73.16
WTD202110140069,曹羊复线铧尖煤矿,110.545796,39.668672,内蒙大唐国际托克托发电有限责任公司,111.361703,40.174662,煤炭,9999,2021-10-14T00:00:00.000+08:00,2022-10-01T23:59:59.000+08:00,118.38
WTD202110140068,曹羊复线铧尖煤矿,110.545796,39.668672,内蒙大唐国际托克托发电有限责任公司,111.361703,40.174662,煤炭,99999,2021-11-02T00:00:00.000+08:00,2022-11-01T23:59:59.000+08:00,118.38
WTD202202250144,孙三沟,117.010156,40.34742,刘牛圪旦,110.387295,40.527884,煤炭,30000,2022-02-21T00:00:00.000+08:00,2022-12-22T23:59:59.000+08:00,100
WTD202202190007,昊华精煤有限责任公司,110.072874,39.728676,敖包沟集装站,116.409898,39.969402,煤,10000,2022-02-07T00:00:00.000+08:00,2022-03-07T23:59:59.000+08:00,14
WTD202202090020,李二沟,116.125847,40.755957,中物码头,116.459673,39.955775,沫煤,20000,2022-02-03T00:00:00.000+08:00,2022-03-01T23:59:59.000+08:00,250
WTD202202090019,李二沟,116.125847,40.755957,中物码头,116.459673,39.955775,13籽,10000,2022-02-08T00:00:00.000+08:00,2022-03-09T23:59:59.000+08:00,255
WTD202202240045,康家沟,116.5143,39.910037,草原村85号煤场,116.444152,39.965777,煤炭,200000,2022-01-04T00:00:00.000+08:00,2022-12-31T23:59:59.000+08:00,45
WTD202201180072,巴隆图煤矿,110.122211,39.842648,三垧梁工业园区,110.04594,40.31436,9号洗粒煤,10000,2022-01-01T00:00:00.000+08:00,2022-12-31T23:59:59.000+08:00,55
WTD202202280122,巴隆图煤矿,110.122211,39.842648,明华集装站,116.071443,39.819998,煤,999999,2022-01-26T00:00:00.000+08:00,2022-12-31T23:59:59.000+08:00,90
WTD202202250145,内蒙古汇能煤电集团巴隆图煤炭有限公司,110.122211,39.842648,刘牛圪旦,110.387295,40.527884,煤炭,30000,2022-02-21T00:00:00.000+08:00,2022-12-31T23:59:59.000+08:00,100
WTD202202190030,内蒙古恒泰煤业(集团)有限公司,116.360869,39.940673,明华集装站,116.071443,39.819998,煤,999999,2022-01-26T00:00:00.000+08:00,2022-12-31T23:59:59.000+08:00,75
WTD202201060147,色连二矿办公楼,109.848156,39.864709,图克镇大2线呼吉尔特村,109.383867,38.998551,煤炭,100000,2022-01-05T00:00:00.000+08:00,2022-12-31T23:59:59.000+08:00,80
WTD202202200017,宏丰煤矿,119.915818,37.189544,东方希望包头稀土铝业有限责任公司,109.808388,40.590807,煤炭,900000,2022-02-20T00:00:00.000+08:00,2022-12-31T00:00:00.000+08:00,61.91
WTD202202280162,盛鑫煤业有限责任公司,116.360869,39.940673,草原村85号煤场,116.444152,39.965777,煤炭,200000,2022-01-04T00:00:00.000+08:00,2022-12-31T23:59:59.000+08:00,27
WTD202202180209,亿宏煤矿,116.360869,39.940673,明华集装站,116.071443,39.819998,煤,999999,2022-01-26T00:00:00.000+08:00,2022-03-31T23:59:59.000+08:00,90
WTD202202230108,小鄂勒斯太沟,117.330595,40.627164,中物码头,116.459673,39.955775,原煤,10000,2022-02-22T00:00:00.000+08:00,2022-03-31T23:59:59.000+08:00,300
WTD202202220129,红庆梁煤矿,109.528965,39.98605,草原村85号煤场,116.444152,39.965777,煤炭,200000,2022-02-22T00:00:00.000+08:00,2022-12-31T00:00:00.000+08:00,45
WTD202202280327,内蒙古乌海市万源露天煤业有限责任公司,106.937382,39.391232,乌海市海南万晨能源选煤有限公司,106.935621,39.446405,原煤,5000,2022-02-28T00:00:00.000+08:00,2022-03-28T00:00:00.000+08:00,18
WTD202202280272,内蒙古乌海市万源露天煤业有限责任公司,106.937382,39.391232,乌海市千里山选煤有限责任公司（卸）,106.907617,39.863532,原煤,5000,2022-02-28T00:00:00.000+08:00,2022-03-28T00:00:00.000+08:00,30
WTD202112290109,会祥钢材,116.78825,39.77708,田家寨镇,101.797246,36.45311,钢材,10000,2021-12-29T17:53:00.000+08:00,2022-12-30T00:00:00.000+08:00,120
WTD202202280025,托克托县嘉一路,111.193879,40.277703,天津琦晟储运有限公司,117.569995,38.949487,煤炭,3000,2022-02-28T00:00:00.000+08:00,2022-03-31T00:00:00.000+08:00,250
WTD202201240109,呼准公路57.5公里百泓煤场,111.464675,40.480212,新店子镇上脑亥村内蒙古和林发电厂,112.164727,40.267322,煤,600000,2022-01-23T00:00:00.000+08:00,2022-12-31T00:00:00.000+08:00,29.8
WTD202201240104,内蒙古自治区呼和浩特市托克托县呼准公路57.5公里百泓煤场,111.464675,40.480212,内蒙古自治区乌兰察布市卓资县工业路华伊卓资热电有限公司,112.646641,40.92279,煤,900000,2022-01-12T00:00:00.000+08:00,2022-12-31T23:59:59.000+08:00,74.85
WTD202201270125,呼准公路57公里泓吉煤场,111.325337,40.223673,新店子镇上脑亥村内蒙古和林发电厂,112.164727,40.267322,煤,900000,2022-01-27T00:00:00.000+08:00,2022-12-31T00:00:00.000+08:00,63.01
WTD202202180212,马圈G李五兴煤矿,111.325337,40.223673,明华集装站,116.071443,39.819998,煤,999999,2022-01-26T00:00:00.000+08:00,2022-12-31T23:59:59.000+08:00,60
WTD202202180213,吉格斯太煤厂,110.523742,40.235085,明华集装站,116.071443,39.819998,煤,999999,2022-01-26T00:00:00.000+08:00,2022-12-31T23:59:59.000+08:00,28
WTD202201280026,草原村85号煤场,116.444152,39.965777,包头美科硅能源有限公司,109.663351,40.647943,煤炭,600000,2022-01-17T00:00:00.000+08:00,2022-12-31T23:59:59.000+08:00,56
WTD202112130088,达拉特旗高头窑李虎煤炭代购,109.65387,40.111964,周家圪旦,109.663351,40.647943,煤炭,100000,2021-12-10T00:00:00.000+08:00,2022-12-11T23:59:59.000+08:00,55
WTD202202140028,树林召镇草原村,110.029252,40.31356,亿利化工,109.982651,40.364515,粉煤,100000,2022-02-14T09:50:00.000+08:00,2022-12-31T00:00:00.000+08:00,40
WTD202202280330,乌海市海南万晨能源选煤有限公司,106.935621,39.446405,内蒙古乌海市万源露天煤业有限责任公司,106.937382,39.391232,矸石,5000,2022-02-28T00:00:00.000+08:00,2022-03-28T00:00:00.000+08:00,10
WTD202202280282,乌海市海南万晨能源选煤有限公司,106.935621,39.446405,乌海市千里山选煤有限责任公司,106.907617,39.863532,介质粉,5000,2022-02-28T00:00:00.000+08:00,2022-03-28T00:00:00.000+08:00,26.5
WTD202202280192,乌海市海南万晨能源选煤有限公司,106.935621,39.446405,内蒙古黄河工贸集团千里山煤焦化有限责任公司,106.907617,39.863532,精煤,5000,2022-02-28T00:00:00.000+08:00,2022-03-28T00:00:00.000+08:00,29
WTD202202220059,金秋酒家,116.473274,39.906836,田家寨镇,101.797246,36.45311,钢材,500,2022-02-22T09:39:00.000+08:00,2022-05-23T00:00:00.000+08:00,115
WTD202202250143,曙光钢材市场,116.323469,39.949012,内蒙古蒙鑫钢结构工程有限公司,116.6468,39.807393,钢材,1000,2022-02-19T00:00:00.000+08:00,2022-11-20T23:59:59.000+08:00,120
WTD202202190060,曙光钢材市场,116.323469,39.949012,民乐县志达彩钢,100.670873,38.702476,钢材,500,2022-02-19T00:00:00.000+08:00,2022-03-19T23:59:59.000+08:00,290
WTD202202160090,曙光钢材市场,116.323469,39.949012,江苏工业园,115.954874,40.439869,钢材,1000,2022-02-16T13:55:00.000+08:00,2022-11-17T00:00:00.000+08:00,140
WTD202201270001,曙光钢材市场,116.323469,39.949012,元福城物流园区,116.315525,39.856538,钢材,1000,2022-01-27T00:04:00.000+08:00,2022-12-31T00:00:00.000+08:00,110
WTD202201060121,曙光钢材市场,116.323469,39.949012,红果子工业园区,106.713122,39.123607,钢材,10000,2022-01-06T13:45:00.000+08:00,2022-12-31T00:00:00.000+08:00,190
WTD202202280308,内蒙古君正能源化工股份有限公司电厂,116.656377,39.64952,内蒙古万晨能源股份有限公司千峰水泥分公司,116.347503,39.942922,炉渣,5000,2022-02-28T00:00:00.000+08:00,2022-03-28T00:00:00.000+08:00,11
WTD202202270042,内蒙古君正能源化工股份有限公司,106.803295,39.904028,山西省吕梁孝义市梧桐工业园区,111.840914,37.067569,硅铁,5000,2022-02-27T12:10:00.000+08:00,2022-05-28T00:00:00.000+08:00,150
WTD202202180027,内蒙古君正能源化工股份有限公司,106.803295,39.904028,山西新能源镁业有限公司,112.256659,37.564516,硅铁,5000,2022-02-18T08:53:00.000+08:00,2022-05-01T00:00:00.000+08:00,135
WTD202112030007,大城西煤炭物流园区,116.807286,40.220457,沁水源煤业,111.999871,35.56656,煤炭,100000,2021-11-29T00:00:00.000+08:00,2022-12-31T23:59:59.000+08:00,24
WTD202110210028,棋盘井,107.014433,39.380037,欣耀煤炭园区,116.669534,39.643271,原煤,100000,2021-10-20T00:00:00.000+08:00,2022-12-31T23:59:59.000+08:00,155
WTD202202280304,乌海市海勃湾热电厂,106.8302,39.70519,内蒙古万晨能源股份有限公司千峰水泥分公司,116.347503,39.942922,粉煤灰,5000,2022-02-28T00:00:00.000+08:00,2022-03-28T00:00:00.000+08:00,15
WTD202202280329,乌海市摩尔沟煤炭有限公司,106.888529,39.702526,乌海市海南万晨能源选煤有限公司,106.935621,39.446405,原煤,5000,2022-02-28T00:00:00.000+08:00,2022-03-28T00:00:00.000+08:00,17
WTD202202280252,乌海市摩尔沟煤炭有限公司,106.888529,39.702526,乌海市千里山选煤有限责任公司,106.907617,39.863532,原煤,5000,2022-02-28T00:00:00.000+08:00,2022-03-28T00:00:00.000+08:00,12
WTD202202280293,乌海市千里山选煤有限责任公司东场地,106.831477,39.67246,乌海市千里山选煤有限责任公司原煤大棚,106.907617,39.863532,原煤,5000,2022-02-28T00:00:00.000+08:00,2022-03-28T00:00:00.000+08:00,63
WTD202202280355,内蒙古万晨石灰有限公司（装）,116.226311,40.229743,内蒙古万晨石灰有限公司#卸点,116.055767,39.853311,窑皮灰/粉矿,5000,2022-02-28T00:00:00.000+08:00,2022-03-28T00:00:00.000+08:00,1.54
WTD202202280354,内蒙古万晨石灰有限公司（装）,116.226311,40.229743,内蒙古万晨石灰有限公司#卸点,116.055767,39.853311,面煤,5000,2022-02-28T00:00:00.000+08:00,2022-03-28T00:00:00.000+08:00,2.1
WTD202202280351,内蒙古万晨石灰有限公司（装）,116.226311,40.229743,内蒙古万晨石灰有限公司#卸点,116.055767,39.853311,倒土方,5000,2022-02-28T00:00:00.000+08:00,2022-03-28T00:00:00.000+08:00,52.5
WTD202202280348,内蒙古万晨石灰有限公司（装）,116.226311,40.229743,内蒙古万晨石灰有限公司#卸点,116.055767,39.853311,倒运石料,5000,2022-02-28T00:00:00.000+08:00,2022-03-28T00:00:00.000+08:00,2.45
WTD202202280345,内蒙古万晨石灰有限公司（装）,116.226311,40.229743,内蒙古万晨石灰有限公司#卸点,116.055767,39.853311,面灰,5000,2022-02-28T00:00:00.000+08:00,2022-03-28T00:00:00.000+08:00,1.19
WTD202202280343,内蒙古万晨石灰有限公司（装）,116.226311,40.229743,内蒙古万晨石灰有限公司#卸点,116.055767,39.853311,除尘灰,5000,2022-02-28T00:00:00.000+08:00,2022-03-28T00:00:00.000+08:00,5
WTD202202280317,内蒙古万晨石灰有限公司（装）,116.226311,40.229743,内蒙古建龙包钢万腾特殊钢有限责任公司,106.821346,39.669087,白灰面,5000,2022-02-28T00:00:00.000+08:00,2022-03-28T00:00:00.000+08:00,8.7
WTD202202280316,内蒙古万晨石灰有限公司（装）,116.226311,40.229743,内蒙古建龙包钢万腾特殊钢有限责任公司,106.821346,39.669087,白灰块,5000,2022-02-28T00:00:00.000+08:00,2022-03-28T00:00:00.000+08:00,7
WTD202202240428,九峰山生态管理委员会,110.681693,40.714195,小袄兑村,110.559071,40.54777,煤,500000,2022-01-01T00:00:00.000+08:00,2022-04-30T23:59:59.000+08:00,22
WTD202202280299,乌海市千里山选煤有限责任公司,106.907617,39.863532,内蒙古万晨能源股份有限公司千峰水泥分公司,116.347503,39.942922,中煤,5000,2022-02-28T00:00:00.000+08:00,2022-03-28T00:00:00.000+08:00,2.5
WTD202202280295,乌海市千里山选煤有限责任公司,106.907617,39.863532,乌海市千里山选煤有限责任公司（卸）,106.907617,39.863532,倒运废铁,5000,2022-02-28T00:00:00.000+08:00,2022-03-28T00:00:00.000+08:00,560
WTD202202280288,乌海市千里山选煤有限责任公司,106.907617,39.863532,乌海市千里山选煤有限责任公司（卸）,106.907617,39.863532,矸石,5000,2022-02-28T00:00:00.000+08:00,2022-03-28T00:00:00.000+08:00,1.14
WTD202202280278,乌海市千里山选煤有限责任公司,106.907617,39.863532,乌海市科兆恒升环保建材有限责任公司,106.846755,39.704213,矸石,5000,2022-02-28T00:00:00.000+08:00,2022-03-28T00:00:00.000+08:00,13.5
WTD202202280275,乌海市千里山选煤有限责任公司,106.907617,39.863532,乌海市摩尔沟煤炭有限公司,106.888529,39.702526,矸石,5000,2022-02-28T00:00:00.000+08:00,2022-03-28T00:00:00.000+08:00,7
WTD202202280196,乌海市千里山选煤有限责任公司,106.907617,39.863532,内蒙古黄河工贸集团千里山煤焦化有限责任公司,106.907617,39.863532,精煤,5000,2022-02-28T00:00:00.000+08:00,2022-03-28T00:00:00.000+08:00,4.8
WTD202202280292,乌海市千里山选煤有限责任公司西场地,106.907617,39.863532,乌海市千里山选煤有限责任公司原煤大棚,106.907617,39.863532,原煤,5000,2022-02-28T00:00:00.000+08:00,2022-03-28T00:00:00.000+08:00,63
WTD202202280247,内蒙古众利惠农物流有限公司,116.347192,39.812874,内蒙古黄河工贸集团千里山煤焦化有限责任公司,106.907617,39.863532,混料,5000,2022-02-28T00:00:00.000+08:00,2022-03-28T00:00:00.000+08:00,5.5
WTD202202280336,内蒙古万晨能源股份有限公司千峰水泥分公司,116.347503,39.942922,内蒙古万晨能源股份有限公司千峰水泥分公司#卸点#,116.656377,39.64952,清理垃圾,5000,2022-02-28T00:00:00.000+08:00,2022-03-28T00:00:00.000+08:00,70
WTD202202280334,内蒙古万晨能源股份有限公司千峰水泥分公司,116.347503,39.942922,内蒙古万晨能源股份有限公司千峰水泥分公司#卸点#,116.656377,39.64952,倒运石料,5000,2022-02-28T00:00:00.000+08:00,2022-03-28T00:00:00.000+08:00,2
WTD202202280333,内蒙古万晨能源股份有限公司千峰水泥分公司,116.347503,39.942922,内蒙古万晨能源股份有限公司千峰水泥分公司#卸点#,116.656377,39.64952,倒运粉矿,5000,2022-02-28T00:00:00.000+08:00,2022-03-28T00:00:00.000+08:00,1.4
WTD202202280325,内蒙古黄河工贸集团千里山煤焦化有限责任公司,106.907617,39.863532,内蒙古建龙包钢万腾特殊钢有限责任公司,106.821346,39.669087,焦粉,5000,2022-02-28T00:00:00.000+08:00,2022-03-28T00:00:00.000+08:00,5.5
WTD202202280249,内蒙古黄河工贸集团千里山煤焦化有限责任公司,106.907617,39.863532,内蒙古黄河工贸集团千里山煤焦化有限责任公司（卸）,106.907617,39.863532,脱硫剂,5000,2022-02-28T00:00:00.000+08:00,2022-03-28T00:00:00.000+08:00,560
WTD202202280242,内蒙古黄河工贸集团千里山煤焦化有限责任公司,106.907617,39.863532,鄂尔多斯市氯碱化工有限公司一分厂,107.004477,39.355613,焦炭,5000,2022-02-28T00:00:00.000+08:00,2022-03-28T00:00:00.000+08:00,35
WTD202202150097,内蒙古亚新隆顺特钢有限公司,110.236879,40.690771,蒙西双星环保办公楼,116.410753,39.972265,钢材,1000,2022-02-15T15:52:00.000+08:00,2022-12-16T00:00:00.000+08:00,90
WTD202201270026,内蒙古亚新隆顺特钢有限公司,110.236879,40.690771,鼎诺钢铁,116.410753,39.972265,钢材,1000,2022-01-27T10:05:00.000+08:00,2022-10-28T00:00:00.000+08:00,40
WTD202201030070,内蒙古君诚兴业管道科技股份有限公司,109.683184,40.612032,大柳塔镇,110.233282,39.275025,钢材,10000,2021-12-17T00:00:00.000+08:00,2022-12-31T23:59:59.000+08:00,60
WTD202202190091,内蒙古包头市昆都仑区110国道和南绕城交叉路口,109.6558,40.661631,西来峰工业园区,106.907399,39.381066,重介粉（铁粉）,5000,2022-02-19T21:21:00.000+08:00,2022-12-31T00:00:00.000+08:00,75
WTD202201240067,内蒙古包头市昆都仑区110国道和南绕城交叉路口,109.6558,40.661631,伊泰广联煤化有限公司,116.357134,39.946738,重介粉（铁粉）,3000,2022-01-24T11:18:00.000+08:00,2022-12-25T00:00:00.000+08:00,60
WTD202201130082,内蒙古包头市昆都仑区110国道和南绕城交叉路口,109.6558,40.661631,纳林陶亥镇伊泰宝山煤矿,110.325593,39.378317,重介粉（铁粉）,1000,2022-01-13T12:00:00.000+08:00,2022-12-13T00:00:00.000+08:00,60
WTD202111050023,内蒙古包头市昆都仑区110国道和南绕城交叉路口,109.6558,40.661631,纳林陶亥镇伊泰宝山煤矿,110.325593,39.378317,重介粉（铁粉）,1000,2021-11-05T00:00:00.000+08:00,2022-11-05T23:59:59.000+08:00,70
WTD202111030001,内蒙古包头市昆都仑区110国道和南绕城交叉路口,109.6558,40.661631,内蒙古鄂尔多斯市东胜区塔拉壕镇塔拉壕煤矿,110.153763,39.792564,重介粉（铁粉）,1000,2021-11-03T00:00:00.000+08:00,2022-11-03T23:59:59.000+08:00,55
WTD202112230043,亿鼎生态农业开发有限公司,108.915226,40.466697,乌拉山站,108.77735,40.657064,尿素(化肥),100000,2021-12-23T15:48:00.000+08:00,2022-12-31T00:00:00.000+08:00,25
WTD202202280027,巴彦淖尔市银海新材料有限责任公司,109.374059,40.567321,包头市昆区河西工业区,109.777099,40.648957,氯化铵废水,9999,2022-02-28T00:00:00.000+08:00,2022-03-31T00:00:00.000+08:00,37.6
WTD202202280379,综合料场,116.151463,39.806783,固阳矿山公司,110.063378,41.058087,自产铁精矿,900,2022-03-01T08:00:00.000+08:00,2022-03-02T08:00:00.000+08:00,15
WTD202202280378,综合料场,116.151463,39.806783,固阳矿山公司,110.063378,41.058087,自产铁精矿,2000,2022-03-01T08:00:00.000+08:00,2022-03-02T08:00:00.000+08:00,15
WTD202202140076,包钢钢联特钢公司,109.781072,40.64565,卧虎山路春光锻造厂,116.205878,40.249836,圆钢,10000,2022-02-12T00:00:00.000+08:00,2022-12-13T23:59:59.000+08:00,260
WTD202201270012,包钢钢联特钢公司,109.781072,40.64565,卧虎山路春光锻造厂,116.205878,40.249836,圆钢,10000,2022-01-24T00:00:00.000+08:00,2022-12-25T23:59:59.000+08:00,170
WTD202202280026,内蒙古通威高纯晶硅有限公司,109.660502,40.638678,包头市昆区河西工业区,109.777099,40.648957,氯化钙溶液,9999,2022-02-28T00:00:00.000+08:00,2022-03-31T00:00:00.000+08:00,18.8
WTD202202280035,包头市昆区河西工业区,109.777099,40.648957,包钢集团固阳矿山公司,110.063378,41.058087,抑尘剂,9999,2022-02-28T00:00:00.000+08:00,2022-03-31T00:00:00.000+08:00,148.9
WTD202202280029,包头市昆区河西工业区,109.777099,40.648957,巴彦淖尔市银海新材料有限责任公司,109.374059,40.567321,氨水,9999,2022-02-28T00:00:00.000+08:00,2022-03-31T00:00:00.000+08:00,61.1
WTD202202280012,包头市昆区河西工业区,109.777099,40.648957,鄂尔多斯市东胜区泊江海子矿集装站,109.372475,39.875276,防冻液,9999,2022-02-28T00:00:00.000+08:00,2022-03-31T00:00:00.000+08:00,144.76
WTD202202280011,包头市昆区河西工业区,109.777099,40.648957,鄂尔多斯市准格尔旗唐家会集装站,111.21531,39.905466,防冻液,9999,2022-02-28T00:00:00.000+08:00,2022-03-31T00:00:00.000+08:00,144.76
WTD202202090107,包头市昆区河西工业区,109.777099,40.648957,沟门镇,110.516617,40.585436,抑尘剂,9999,2022-02-09T00:00:00.000+08:00,2022-03-30T00:00:00.000+08:00,135.36
WTD202202080093,包头市昆区河西工业区,109.777099,40.648957,金山镇补拉河村壕口村,116.194835,39.604565,抑尘剂,9999,2022-02-08T00:00:00.000+08:00,2022-03-31T00:00:00.000+08:00,99.26
WTD202202080092,包头市昆区河西工业区,109.777099,40.648957,巴盟小佘太,109.533023,41.164914,抑尘剂,9999,2022-02-08T00:00:00.000+08:00,2022-03-31T00:00:00.000+08:00,90.24
WTD202202050005,包头市昆区河西工业区,109.777099,40.648957,包头市固阳县文圪气,110.261284,41.008025,抑尘剂,99999,2022-02-05T00:00:00.000+08:00,2022-03-30T00:00:00.000+08:00,79.9
WTD202111220055,包头蒙西水泥有限责任公司,109.672865,40.652396,内蒙古呼铁轨枕制造有限公司,109.903063,40.681709,水泥,100000,2021-11-22T00:00:00.000+08:00,2022-11-22T23:59:59.000+08:00,40
WTD202201040121,鹿畅达钢材市场,109.776025,40.669749,建伟钢构三车间,115.894041,39.570198,钢材,1000,2022-01-04T12:12:00.000+08:00,2022-12-24T00:00:00.000+08:00,20
WTD202202280023,包头市昆区河西工业区,109.777099,40.648957,鄂尔多斯市东胜区李家壕喷洒装车站,110.08113,39.797202,防冻液,9999,2022-02-28T00:00:00.000+08:00,2022-03-31T00:00:00.000+08:00,122.2
WTD202202280022,包头市昆区河西工业区,109.777099,40.648957,鄂尔多斯市东胜区万利一矿喷洒装车站,110.016608,39.918793,防冻液,9999,2022-02-28T00:00:00.000+08:00,2022-03-31T00:00:00.000+08:00,103.4
WTD202202280021,包头市昆区河西工业区,109.777099,40.648957,鄂尔多斯市伊金霍洛旗沙沙圪台喷洒装车站,110.035513,39.662614,防冻液,9999,2022-02-28T00:00:00.000+08:00,2022-03-31T00:00:00.000+08:00,141
WTD202202280020,包头市昆区河西工业区,109.777099,40.648957, 鄂尔多斯市伊金霍洛旗乌兰木伦喷洒装车站,110.199887,39.305147,防冻液,9999,2022-02-28T00:00:00.000+08:00,2022-03-31T00:00:00.000+08:00,150.4
WTD202202280019,包头市昆区河西工业区,109.777099,40.648957,鄂尔多斯市伊金霍洛旗转龙湾喷洒装车站,110.083603,39.396105,防冻液,9999,2022-02-28T00:00:00.000+08:00,2022-03-31T00:00:00.000+08:00,141
WTD202202280018,包头市昆区河西工业区,109.777099,40.648957,陕西省府谷县孤山喷洒装车站,111.031588,39.067196,防冻液,9999,2022-02-28T00:00:00.000+08:00,2022-03-31T00:00:00.000+08:00,159.8
WTD202202260041,包头市昆区河西工业区,109.777099,40.648957,布连塔煤矿,110.172975,39.362729,防冻液,9999,2022-02-26T00:00:00.000+08:00,2022-03-31T00:00:00.000+08:00,150.4
WTD202202260018,包头市昆区河西工业区,109.777099,40.648957,神东布尔台煤矿,110.172975,39.362729,防冻液,9999,2022-02-26T00:00:00.000+08:00,2022-03-31T00:00:00.000+08:00,141
WTD202202280028,包头市议源化工有限公司,109.700346,40.657353,包头市昆区河西工业区,109.777099,40.648957,氯化铵废水,9999,2022-02-28T00:00:00.000+08:00,2022-03-31T00:00:00.000+08:00,14.1
WTD202203010013,包钢仓储中心（原燃料二部）,109.700346,40.657353,包钢庆华煤化工公司-筒仓,116.315666,40.04292,炼焦余煤,2000,2022-03-01T08:00:00.000+08:00,2022-03-02T08:00:00.000+08:00,17
WTD202202260086,包钢仓储中心（原燃料二部）,109.700346,40.657353,包钢庆华煤化工公司-筒仓,116.315666,40.04292,炼焦余煤,2000,2022-02-26T00:00:00.000+08:00,2022-03-03T00:00:00.000+08:00,11.45
WTD202202260076,包钢仓储中心（原燃料二部）,109.700346,40.657353,包钢庆华煤化工公司-筒仓,116.315666,40.04292,炼焦余煤,2000,2022-02-26T00:00:00.000+08:00,2022-03-03T00:00:00.000+08:00,11.45
WTD202201100112,千山重工,116.408047,39.973414,白云鄂博矿区云升商,109.973195,41.769955,设备,1000,2022-01-10T12:30:00.000+08:00,2022-12-11T00:00:00.000+08:00,3000
WTD202202150103,内蒙古华世百盛机动车检测技术有限公司,111.550705,40.708896,海子乡,110.66304,40.413495,钢材,1000,2022-02-15T17:59:00.000+08:00,2022-12-16T00:00:00.000+08:00,40
WTD202201140208,图海贸易有限责任公司,116.320279,40.095083,南窑梁村,111.297087,39.445014,钢材,1000,2022-01-14T16:39:00.000+08:00,2022-12-15T00:00:00.000+08:00,2000
WTD202202080091,新蒙物流园,116.59566,40.118003,天宁医院,116.315116,39.834651,钢材,1000,2022-02-08T17:14:00.000+08:00,2022-12-09T00:00:00.000+08:00,20
WTD202201270052,新蒙物流园,116.59566,40.118003,中国石化西河楞加油站,116.465592,39.997576,钢材,1000,2022-01-27T15:19:00.000+08:00,2022-12-28T00:00:00.000+08:00,15
WTD202201270002,新蒙物流园,116.59566,40.118003,内蒙古建伟钢构三车间,116.435837,39.88265,钢材,1000,2022-01-27T00:07:00.000+08:00,2022-12-31T00:00:00.000+08:00,20
WTD202201260121,新蒙物流园,116.59566,40.118003,大城西煤炭物流园区,116.807286,40.220457,钢材,1000,2022-01-26T20:09:00.000+08:00,2022-12-31T00:00:00.000+08:00,70
WTD202201190078,新蒙物流园,116.59566,40.118003,中国石化西河楞加油站,116.465592,39.997576,钢材,10000,2022-01-19T12:14:00.000+08:00,2022-12-29T00:00:00.000+08:00,15
WTD202201040154,新蒙物流园,116.59566,40.118003,建伟钢构三车间,115.894041,39.570198,钢材,10000,2022-01-04T16:11:00.000+08:00,2022-12-05T00:00:00.000+08:00,20
WTD202110260022,华蒙物流园,109.758835,40.700198,呼和浩特嘉盛新能源有限公司,111.399567,40.691437,螺纹钢,500,2021-10-26T00:00:00.000+08:00,2022-03-26T23:59:59.000+08:00,85.05
WTD202202210135,鼎诺钢铁,109.758835,40.700198,张家峁,110.349215,39.047905,钢材,500,2022-02-21T16:32:00.000+08:00,2022-06-22T00:00:00.000+08:00,100
WTD202202210132,鼎诺钢铁,109.758835,40.700198,内蒙古呼铁轨枕制造有限公司,109.903063,40.681709,钢材,500,2022-02-21T16:13:00.000+08:00,2022-05-22T00:00:00.000+08:00,30
WTD202202170059,鼎诺钢铁,109.758835,40.700198,包头东宝生物生态园,109.897523,40.564341,钢材,500,2022-02-17T11:21:00.000+08:00,2022-03-18T00:00:00.000+08:00,50
WTD202202120067,鼎诺钢铁,109.758835,40.700198,固阳工业园区,110.04833,40.979296,钢材,1000,2022-02-12T19:39:00.000+08:00,2022-12-15T00:00:00.000+08:00,40
WTD202201170127,鼎诺钢铁,109.758835,40.700198,内蒙古呼铁轨枕制造有限公司,109.903063,40.681709,钢材,10000,2022-01-17T18:11:00.000+08:00,2022-12-28T00:00:00.000+08:00,400
WTD202201030063,鼎诺钢铁,109.758835,40.700198,柠条塔工业园区,110.251766,38.994514,钢材,1000,2022-01-03T00:00:00.000+08:00,2022-12-04T23:59:59.000+08:00,70
WTD202112250020,鼎诺钢铁,109.758835,40.700198,小白河,116.609624,40.703069,钢材,10000,2021-12-25T13:06:00.000+08:00,2022-12-26T00:00:00.000+08:00,800
WTD202112230029,鼎诺钢铁,109.758835,40.700198,天镇县扶贫产业园,114.106326,40.428552,钢材,1000,2021-12-02T00:00:00.000+08:00,2022-12-31T23:59:59.000+08:00,115
WTD202112220162,鼎诺钢铁,109.758835,40.700198,宏泰煤化工有限公司,110.315729,39.176691,钢材,10000,2021-12-22T16:59:00.000+08:00,2022-12-23T00:00:00.000+08:00,60
WTD202112200061,鼎诺钢铁,109.758835,40.700198,包头东宝生物生态园,109.897523,40.564341,钢材,1000,2021-12-20T11:58:00.000+08:00,2022-12-21T00:00:00.000+08:00,50
WTD202202240424,鑫港源顺物流园,109.776093,40.702721,红果子工业园区,106.713122,39.123607,钢材,10000,2022-01-18T00:00:00.000+08:00,2022-12-19T23:59:59.000+08:00,120
WTD202202240417,鑫港源顺物流园,109.776093,40.702721,内蒙古联重金属工程有限责任公司,107.533684,40.820854,钢材,10000,2022-01-15T00:00:00.000+08:00,2022-12-31T23:59:59.000+08:00,80
WTD202202090072,鑫港源顺物流园,109.776093,40.702721,乌达工业园区,106.726891,39.472794,钢材,2000,2022-02-09T09:51:00.000+08:00,2022-12-19T00:00:00.000+08:00,120
WTD202202080085,鑫港源顺物流园,109.776093,40.702721,嘉峪关不锈钢工业园区,98.252028,39.834352,钢材,2000,2022-02-08T14:01:00.000+08:00,2022-12-09T00:00:00.000+08:00,400
WTD202202280129,华蒙物流园,109.758835,40.700198,蒙西双星环保办公楼,116.410753,39.972265,钢材,1000,2022-02-16T00:00:00.000+08:00,2022-12-17T23:59:59.000+08:00,100
WTD202202180224,华蒙物流园区,116.16494,39.69272,内蒙古蒙鑫钢结构工程有限公司,116.6468,39.807393,钢材,1000,2022-02-18T18:57:00.000+08:00,2022-12-22T00:00:00.000+08:00,100
WTD202202170097,华蒙物流园区,116.16494,39.69272,红庆梁,109.528167,40.096013,钢材,1000,2022-02-17T19:05:00.000+08:00,2022-12-18T00:00:00.000+08:00,50
WTD202202160118,华蒙物流园,109.758835,40.700198,民乐县志达彩钢,100.670873,38.702476,钢材,1000,2022-02-16T16:56:00.000+08:00,2022-11-17T00:00:00.000+08:00,180
WTD202202160088,华蒙物流园,109.758835,40.700198,蒙西双星环保办公楼,116.410753,39.972265,钢材,1000,2022-02-16T13:48:00.000+08:00,2022-12-17T00:00:00.000+08:00,85
WTD202202140071,华蒙物流园,109.758835,40.700198,山丹县,101.088611,38.7846,钢材,1000,2022-02-14T14:43:00.000+08:00,2022-11-15T00:00:00.000+08:00,185
WTD202201120093,华蒙物流园,109.758835,40.700198,萨拉齐,110.505359,40.547564,钢材,1000,2022-01-12T00:00:00.000+08:00,2022-12-13T23:59:59.000+08:00,70
WTD202201110143,华蒙物流园,109.758835,40.700198,山丹县,101.088611,38.7846,钢材,10000,2022-01-11T16:58:00.000+08:00,2022-12-12T00:00:00.000+08:00,180
WTD202201040122,华蒙物流园,109.758835,40.700198,三星建材城,111.990828,43.636856,钢材,1000,2022-01-04T12:16:00.000+08:00,2022-12-14T00:00:00.000+08:00,200
WTD202202140002,九原区阿嘎如泰苏木柏书沟嘎查东柏书沟东300米处,109.623592,40.679654,西来峰工业园区,106.907399,39.381066,重介粉（铁粉）,5000,2022-02-14T08:31:00.000+08:00,2022-12-31T00:00:00.000+08:00,75
WTD202111060001,九原区阿嘎如泰苏木柏书沟嘎查东柏书沟东300米处,109.623592,40.679654,西来峰工业园区,106.907399,39.381066,重介粉（铁粉）,2000,2021-11-06T00:00:00.000+08:00,2022-11-06T23:59:59.000+08:00,80
WTD202110280029,九原区阿嘎如泰苏木柏书沟嘎查东柏书沟东300米处,109.623592,40.679654,西来峰工业园区,106.907399,39.381066,重介粉（铁粉）,2000,2021-10-28T00:00:00.000+08:00,2022-10-28T23:59:59.000+08:00,85
WTD202202280017,阿拉善盟欣和科技有限公司,105.796484,39.74177,骆驼山隆昌矿业,116.672504,40.418952,抑尘剂,9999,2022-02-28T00:00:00.000+08:00,2022-03-31T00:00:00.000+08:00,155.1
WTD202202280016,阿拉善盟欣和科技有限公司,105.796484,39.74177,南通纳源广汇项目部,121.72909,31.92776,抑尘剂,99999,2022-02-28T00:00:00.000+08:00,2022-03-31T00:00:00.000+08:00,155.1
WTD202202280015,阿拉善盟欣和科技有限公司,105.796484,39.74177,鄂尔多斯市蒙泰骆驼山煤业有限责任公司,110.080928,39.879948,抑尘剂,99999,2022-02-28T00:00:00.000+08:00,2022-03-31T00:00:00.000+08:00,155.1
WTD202202280014,阿拉善盟欣和科技有限公司,105.796484,39.74177,乌海市海渤湾区骆驼山久丰煤矿,106.940518,39.541789,抑尘剂,9999,2022-02-28T00:00:00.000+08:00,2022-03-31T00:00:00.000+08:00,155.1
WTD202202280013,阿拉善盟欣和科技有限公司,105.796484,39.74177,鄂尔多斯棋盘井蒙西煤矿,107.105815,39.363029,抑尘剂,9999,2022-02-14T00:00:00.000+08:00,2022-03-31T00:00:00.000+08:00,155.1
WTD202202220135,耶苏堂,116.316857,39.86173,包钢干熄焦2号,109.745511,40.649637,矿石,200000,2022-02-22T13:59:00.000+08:00,2022-12-31T00:00:00.000+08:00,36.74
WTD202110270008,青山镇工业园区,116.624829,39.831626,西来峰工业园区,106.907399,39.381066,重介粉（铁粉）,2000,2021-10-27T00:00:00.000+08:00,2022-10-27T23:59:59.000+08:00,55
WTD202109260001,青山镇工业园区,116.624829,39.831626,西来峰工业园区,106.907399,39.381066,重介粉（铁粉）,5000,2021-09-26T00:00:00.000+08:00,2022-09-26T23:59:59.000+08:00,40
WTD202202190066,三利货站,116.44463,39.92054,莱州文峰物流城,119.953941,37.149268,钢材,500,2022-02-19T18:04:00.000+08:00,2022-04-20T00:00:00.000+08:00,120
WTD202112240191,三星建材城,111.990828,43.636856,华蒙物流园,109.758835,40.700198,钢材,1000,2021-12-24T18:49:00.000+08:00,2022-12-25T00:00:00.000+08:00,120
WTD202202230081,林西下场村,118.485995,43.315028,西乌珠穆沁旗吉仁高勒镇白音乌拉村五间房路,116.683215,44.598872,石灰石,100000,2021-12-07T00:00:00.000+08:00,2022-12-07T00:00:00.000+08:00,55
WTD202202230080,林西下场村,118.485995,43.315028,锡盟交通物流指挥中心安快集团北物流园,116.046099,43.990506,石灰石,100000,2021-12-07T00:00:00.000+08:00,2022-12-07T00:00:00.000+08:00,30
WTD202202200042,曹羊复线附近,110.545796,39.668672,城郊办事处团结屯,116.409836,39.98491,煤,50000,2022-01-05T00:00:00.000+08:00,2022-12-30T23:59:59.000+08:00,350
WTD202201140242,广汇矿业白石湖露天煤矿东部工业区广场,94.73693,43.938594,策克口岸监管区,101.279565,42.583569,煤炭,100000,2022-01-14T21:20:00.000+08:00,2022-12-15T00:00:00.000+08:00,400
WTD202112190029,伊吾广汇矿业白石湖露天煤矿东部工业区广场,94.73693,43.938594,策克口岸监管区,101.279565,42.583569,煤炭,100000,2021-12-19T22:15:00.000+08:00,2022-12-20T00:00:00.000+08:00,400
WTD202202250098,淖毛湖矿区疆纳煤矿,94.981191,43.751097,毛家皂镇里八庄站,113.190644,39.900567,粉煤,999999,2022-02-23T00:00:00.000+08:00,2022-09-30T00:00:00.000+08:00,450
WTD202202240346,中联润世新疆煤业有限公司,90.359955,44.506065,大城西煤炭物流园区金元煤厂,116.559204,39.810831,煤炭,34,2022-02-12T00:00:00.000+08:00,2022-06-13T23:59:59.000+08:00,470
WTD202202230083,准东开发区西黑山产业园红沙泉煤矿,90.247506,44.538997,毛家皂镇里八庄站,113.190644,39.900567,粉煤,999999,2022-02-23T00:00:00.000+08:00,2022-09-30T00:00:00.000+08:00,450
WTD202202240347,将军庙将军戈壁2号特变二矿,90.155675,44.785029,毛家皂镇里八庄站,113.190644,39.900567,粉煤,999999,2022-02-23T00:00:00.000+08:00,2022-09-30T00:00:00.000+08:00,500
